Key,Type,Desc,English,French,Italian,German,Spanish,Japanese,Korean,Polish,Russian,Chinese-Simplified [zh-CN],Portuguese-Brazil [pt-BR],Chinese-Traditional [zh-TW],Pirate English [en-PI],Serbian,Swedish,Romanian,$Context,$Status
KerbalLifeHacks/Map/WarpToAp,Text,,Warp to Apoapsis,Avancer jusqu'à l'apoastre,Avanza all'apoapside,Vorspulen bis zur Apoapsis,Acelerar hasta el apoapsis,Warp to Apoapsis,원지점으로 워프하기,Przeskocz do Apocentrum,Ускорить Время к Апоцентру,快进至远点,Acelerar tempo até o Apoapsis,Warp to Apoapsis,Warp t' Top a' the orbit,Warp to Apoapsis,Warp to Apoapsis,Warp to Apoapsis,,Localized
KerbalLifeHacks/Map/WarpToPe,Text,,Warp to Periapsis,Avancer jusqu'au périastre,Avanza al Periapside,Vorspulen bis zur Periapsis,Acelerar hasta el periapsis,Warp to Periapsis,근점으로 워프하기,Przeskocz do Perycentrum,Ускорить Время к Перицентру,快进至近点,Acelerar Tempo até o Periastro,Warp to Periapsis,Warp t' The bottom a' th' orbit,Warp to Periapsis,Warp to Periapsis,Warp to Periapsis,,Localized
KerbalLifeHacks/Map/WarpToSOI,Text,,Warp to SOI Change,Avancer au changement de SDI,Avanza alla transizione di SdI,Vorspulen bis zur SOI-Wechsel,Acelerar hasta el cambio de esfera de influencia,Warp to SOI Change,영향권으로 워프하기,Przeskocz do Zmiany Sfery Wpływu,Ускорить к смене Сферы Тяготения,快进至引力范围变化,Acelerar até a troca de SOI,Warp to SOI Change,Warp t' SOI Change,Warp to SOI Change,Warp to SOI Change,Warp to SOI Change,,Localized
Map/Objects/EmptyFavorites,Text,,"Add <#2FFE2F>Favorite Objects</color>
  by <mspace=20><voffset=.3em><sprite=""Input-Keyboard"" index=105></voffset></mspace>
 on a object.","Ajouter les <#2FFE2F>objets préférés</color>
  par <mspace=20><voffset=.3em><sprite=""Input-Keyboard"" index=105></voffset></mspace>
  sur un objet.","Aggiungi <#2FFE2F>Oggetti preferiti</color>
  con <mspace=20><voffset=.3em><sprite=""Input-Keyboard"" index=105></voffset></mspace>
  su un oggetto.
","<#2FFE2F>Favorisierte Teile</color>
  nach <mspace=20><voffset=.3em><sprite=""Input-Keyboard"" index=105></voffset></mspace>
  an einem Objekt hinzufügen.","Añadir <#2FFE2F>objetos favoritos</color>
  al <mspace=20><voffset=.3em><sprite=""Input-Keyboard"" index=105></voffset></mspace>
  en un objeto.","オブジェクトで
 <mspace=20><voffset=.3em><sprite=""Input-Keyboard"" index=105></voffset></mspace>して<#2FFE2F>お気に入りのオブジェクト</color>
に追加","오브젝트에서 <voffset=.3em><sprite=""Input-Keyboard"" index=105></voffset></mspace>을(를) 눌러
 <#2FFE2F>즐겨찾는 오브젝트</color>를
 <mspace=20> 추가하세요.","Dodaj do <#2FFE2F>ulubionych części</color>
 , naciskając <mspace=20><voffset=.3em><sprite=""Input-Keyboard"" index=105></voffset></mspace>
  na części.","Добавьте <#2FFE2F>Любимые детали,</color>
 нажав <mspace=20><voffset=.3em><sprite=""Input-Keyboard"" index=105></voffset></mspace>
  на объекте.","添加<#2FFE2F>收藏物体</color>
，方法是在物体上<mspace=20><voffset=.3em><sprite=""Input-Keyboard"" index=105></voffset></mspace>。
","Adicionar <#2FFE2F>objetos favoritos</color>
  por <mspace=20><voffset=.3em><sprite=""Input-Keyboard"" index=105></voffset></mspace>
  em um objeto.","透過在物件上<mspace=20><voffset=.3em><sprite=""Input-Keyboard"" index=105></voffset></mspace>
 
 新增<#2FFE2F>最愛的物件</color>
。","Add <#2FFE2F>Favorite Objects</color>
  by <mspace=20><voffset=.3em><sprite=""Input-Keyboard"" index=105></voffset></mspace>
 on a object.
","Add <#2FFE2F>Favorite Objects</color>
  by <mspace=20><voffset=.3em><sprite=""Input-Keyboard"" index=105></voffset></mspace>
 on a object.","Add <#2FFE2F>Favorite Objects</color>
  by <mspace=20><voffset=.3em><sprite=""Input-Keyboard"" index=105></voffset></mspace>
 on a object.","Add <#2FFE2F>Favorite Objects</color>
  by <mspace=20><voffset=.3em><sprite=""Input-Keyboard"" index=105></voffset></mspace>
 on a object.",,Localized
Map/Trajectory/WarpTo,Text,,Time Warp to Point,Avance rapide jusqu'au point,Avanza fino a qui,Vorspulen zu Punkt,Acelerar tiempo hasta el punto,ポイントまで時間加速,포인트로 타임워프,Przeskocz do punktu,Ускорить время до точки,时间加速至目标点,Distorção temporal até o ponto,時間曲速到點,Time Warp t' Point,Time Warp to Point,Time Warp to Point,Time Warp to Point,,Localized
VesselInfo/Title,Text,,Vessel Identity,Identité du vaisseau,Identita' del veicolo,Schiffsidentität,Identidad de la nave,Vessel Identity,기체 정체,Dane identyfikacyjne statku,Тип аппарата,航天器身份标识,Identificação da Nave,Vessel Identity,Vessel Identity,Vessel Identity,Vessel Identity,Vessel Identity,,Localized
VesselInfo/Category,Text,,Category,Catégorie,Categoria,Kategorie,Tipo,Category,분류,Kategoria,Категория,类别,Categoria,Category,Category,Category,Category,Category,,Localized
VesselInfo/Apply,Text,,Apply,Appliquer,Applica,Übernehmen,Aplicar,Apply,적용,Zastosuj,Принять,应用,Aplicar,Apply,Apply,Apply,Apply,Apply,,Localized
VesselInfo/Category/Debris,Text,,Debris,Débris,Detriti,Trümmer,Escombros,Debris,잔해,Szczątki,Мусор,残骸,Destroços,Debris,Debris,Debris,Debris,Debris,,Localized
VesselInfo/Category/Probe,Text,,Probe,Sonde,Sonda,Sonde,Sonda,Probe,위성,Sonda,Зонд,探测器,Sonda,Probe,Probe,Probe,Probe,Probe,,Localized
VesselInfo/Category/Lander,Text,,Lander,Attérisseur,Lander,Lander,Aterrizador,Lander,착륙선,Lądownik,Спускаемый аппарат,着陆器,Aterrissador,Lander,Lander,Lander,Lander,Lander,,Localized
VesselInfo/Category/Ship,Text,,Ship,Vaisseau,Nave,Schiff,Barco,Ship,우주선,Statek,Корабль,飞船,Nave,Ship,Ship,Ship,Ship,Ship,,Localized
VesselInfo/Category/SpaceStation,Text,,Space Station,Station spatiale,Stazione Spaziale,Raumstation,Estación espacial,Space Station,우주정거장,Stacja Kosmiczna,Станция,空间站,Estação Espacial,Space Station,Space Station,Space Station,Space Station,Space Station,,Localized
VesselInfo/Category/Plane,Text,,Plane,Avion,Velivolo,Flugzeug,Avión,Plane,비행기,Samolot,Самолет,飞机,Avião,Plane,Plane,Plane,Plane,Plane,,Localized
VesselInfo/Category/Relay,Text,,Relay,Relais,Ripetitore,Relai,Repetidor,Relay,중계기,Przekaźnik,Ретранслятор,中继,Repetidor,Relay,Relay,Relay,Relay,Relay,,Localized
VesselInfo/Action,Text,,Vessel Info,Info du vaisseau,Informazioni veicolo,Schiffinfo,Información de la nave,Vessel Info,기체 정보,Informacje o Pojeździe,Описание аппарата,航天器信息,Informações da Nave,Vessel Info,Vessel Info,Vessel Info,Vessel Info,Vessel Info,,Localized
VesselInfo/VesselName,Text,,Vessel Name,Nom du vaisseau,Nome nave,Schiffname,Nombre de la nave,Vessel Name,기체 이름,Nazwa Pojazdu,Название аппарата,航天器名称,Nome da Nave,Vessel Name,Vessel Name,Vessel Name,Vessel Name,Vessel Name,,Localized
VesselInfo/Category/SurfaceBase,Text,,Surface Base,Base,Base di superficie,Oberflächenbasis,Base,Surface Base,지상 기지,Baza Powierzchniowa,База,基地,Base de Superfície,Surface Base,Surface Base,Surface Base,Surface Base,Surface Base,,Localized
Map/Info/Resources,Text,,Resources,Resources,Resources,Resources,Resources,Resources,Resources,Resources,Resources,资源,Resources,Resources,Resources,Resources,Resources,Resources,,Localized
Map/Info/Resources/AvailableOn,Text,,Available resources on {0},Available resources on {0},Available resources on {0},Available resources on {0},Available resources on {0},Available resources on {0},Available resources on {0},Available resources on {0},Available resources on {0},{0}上的可用资源,Available resources on {0},Available resources on {0},Available resources on {0},Available resources on {0},Available resources on {0},Available resources on {0},,Localized
Map/Info/Resources/Show,Text,,Show,Show,Show,Show,Show,Show,Show,Show,Show,显示,Show,Show,Show,Show,Show,Show,,Localized
Map/Info/Resources/Hide,Text,,Hide,Hide,Hide,Hide,Hide,Hide,Hide,Hide,Hide,隐藏,Hide,Hide,Hide,Hide,Hide,Hide,,Localized
